{"blue": 0.9222222222222222, "red": 0.9789473684210526, "mean": 0.9505847953216373}