{"blue": 0.9289617486338797, "red": 0.9306930693069307, "mean": 0.9298274089704053}