{"blue": 0.8636363636363635, "red": 0.9621621621621621, "mean": 0.9128992628992628}